Brand,Model,Price,RAM,Storage,Battery,DisplaySize,RefreshRate,Processor,CameraMP,FrontCameraMP,OS,HeadphoneJack,FiveG,WaterResistance,URL,Description,SpecsSummary
Samsung,Galaxy S25 Ultra,1599,12,256,5000,174.2,120,Octa-Core,200,12,Android,False,True,True,https://www.samsung.com/ca/smartphones/galaxy-s25-ultra/,"Discover the ultimate smartphone experience with the Samsung Galaxy S25 Ultra. As a premium flagship device, it offers uncompromising performance, top-tier build quality, and cutting-edge technology. Photography enthusiasts will love the massive 200MP main camera sensor, featuring advanced optical zoom, night mode, telephoto lens capabilities, and 8K video recording. Gamers and power users will appreciate the buttery-smooth 120Hz OLED display, offering lightning-fast touch response, deep blacks, and immersive esports gaming performance. Never worry about a dead phone again thanks to the massive all-day battery life, complete with ultra-fast charging to get you back to 100% in minutes. Powered by a blazing-fast Octa-Core processor, 12GB of RAM, and blazing-fast 5G connectivity, multitasking is effortless. Plus, with IP68 water and dust resistance, your device is durable enough to survive accidental spills and drops.",Samsung Galaxy S25 Ultra | 256GB Storage | 12GB RAM | 174.2mm Display | 120Hz | 200MP Camera | 5000mAh | Android | 5G: True
Samsung,Galaxy S25,999,12,128,4000,156.4,120,Octa-Core,50,12,Android,False,True,True,https://www.samsung.com/ca/smartphones/galaxy-s25/,"Discover the ultimate smartphone experience with the Samsung Galaxy S25. This premium mid-range smartphone balances incredible flagship features with excellent value. Capture stunning photos and 4K video with the high-resolution 50MP AI-powered camera system, perfect for social media and everyday photography. Gamers and power users will appreciate the buttery-smooth 120Hz OLED display, offering lightning-fast touch response, deep blacks, and immersive esports gaming performance. Enjoy reliable all-day battery life that keeps up with your busy schedule, supporting fast charging and efficient power management. Powered by a blazing-fast Octa-Core processor, 12GB of RAM, and blazing-fast 5G connectivity, multitasking is effortless. Plus, with IP68 water and dust resistance, your device is durable enough to survive accidental spills and drops.",Samsung Galaxy S25 | 128GB Storage | 12GB RAM | 156.4mm Display | 120Hz | 50MP Camera | 4000mAh | Android | 5G: True
Samsung,Galaxy S25 Edge,1099,12,256,3900,169.1,120,Octa-Core,200,12,Android,False,True,True,https://www.samsung.com/ca/smartphones/galaxy-s25-edge/,"Discover the ultimate smartphone experience with the Samsung Galaxy S25 Edge. As a premium flagship device, it offers uncompromising performance, top-tier build quality, and cutting-edge technology. Photography enthusiasts will love the massive 200MP main camera sensor, featuring advanced optical zoom, night mode, telephoto lens capabilities, and 8K video recording. Gamers and power users will appreciate the buttery-smooth 120Hz OLED display, offering lightning-fast touch response, deep blacks, and immersive esports gaming performance. Powered by a blazing-fast Octa-Core processor, 12GB of RAM, and blazing-fast 5G connectivity, multitasking is effortless. Plus, with IP68 water and dust resistance, your device is durable enough to survive accidental spills and drops.",Samsung Galaxy S25 Edge | 256GB Storage | 12GB RAM | 169.1mm Display | 120Hz | 200MP Camera | 3900mAh | Android | 5G: True
Samsung,Galaxy Z Fold 7,1899,12,256,4400,203.1,120,Octa-Core,200,10,Android,False,True,True,https://www.samsung.com/ca/smartphones/galaxy-z-fold7/,"Discover the ultimate smartphone experience with the Samsung Galaxy Z Fold 7. As a premium flagship device, it offers uncompromising performance, top-tier build quality, and cutting-edge technology. Photography enthusiasts will love the massive 200MP main camera sensor, featuring advanced optical zoom, night mode, telephoto lens capabilities, and 8K video recording. Gamers and power users will appreciate the buttery-smooth 120Hz OLED display, offering lightning-fast touch response, deep blacks, and immersive esports gaming performance. Enjoy reliable all-day battery life that keeps up with your busy schedule, supporting fast charging and efficient power management. Powered by a blazing-fast Octa-Core processor, 12GB of RAM, and blazing-fast 5G connectivity, multitasking is effortless. Plus, with IP68 water and dust resistance, your device is durable enough to survive accidental spills and drops.",Samsung Galaxy Z Fold 7 | 256GB Storage | 12GB RAM | 203.1mm Display | 120Hz | 200MP Camera | 4400mAh | Android | 5G: True
Samsung,Galaxy Z Flip 7,1199,12,256,4300,174.1,120,Deca-Core,50,10,Android,False,True,True,https://www.samsung.com/ca/smartphones/galaxy-z-flip7/,"Discover the ultimate smartphone experience with the Samsung Galaxy Z Flip 7. As a premium flagship device, it offers uncompromising performance, top-tier build quality, and cutting-edge technology. Capture stunning photos and 4K video with the high-resolution 50MP AI-powered camera system, perfect for social media and everyday photography. Gamers and power users will appreciate the buttery-smooth 120Hz OLED display, offering lightning-fast touch response, deep blacks, and immersive esports gaming performance. Enjoy reliable all-day battery life that keeps up with your busy schedule, supporting fast charging and efficient power management. Powered by a blazing-fast Deca-Core processor, 12GB of RAM, and blazing-fast 5G connectivity, multitasking is effortless. Plus, with IP68 water and dust resistance, your device is durable enough to survive accidental spills and drops.",Samsung Galaxy Z Flip 7 | 256GB Storage | 12GB RAM | 174.1mm Display | 120Hz | 50MP Camera | 4300mAh | Android | 5G: True
Google,Google Pixel 10a,679,8,128,5100,160.0,120,Octa-Core,48,13,Android,False,True,True,https://www.gsmarena.com/google_pixel_10a_5g-14474.php,"Discover the ultimate smartphone experience with the Google Google Pixel 10a. This premium mid-range smartphone balances incredible flagship features with excellent value. Capture stunning photos and 4K video with the high-resolution 48MP AI-powered camera system, perfect for social media and everyday photography. Gamers and power users will appreciate the buttery-smooth 120Hz OLED display, offering lightning-fast touch response, deep blacks, and immersive esports gaming performance. Never worry about a dead phone again thanks to the massive all-day battery life, complete with ultra-fast charging to get you back to 100% in minutes. Powered by a blazing-fast Octa-Core processor, 8GB of RAM, and blazing-fast 5G connectivity, multitasking is effortless. Plus, with IP68 water and dust resistance, your device is durable enough to survive accidental spills and drops.",Google Google Pixel 10a | 128GB Storage | 8GB RAM | 160.0mm Display | 120Hz | 48MP Camera | 5100mAh | Android | 5G: True
Google,Google Pixel 10 Pro,1100,16,128,4870,160.0,120,Octa-Core,50,42,Android,False,True,True,https://www.gsmarena.com/google_pixel_10_pro_5g-13987.php,"Discover the ultimate smartphone experience with the Google Google Pixel 10 Pro. As a premium flagship device, it offers uncompromising performance, top-tier build quality, and cutting-edge technology. Capture stunning photos and 4K video with the high-resolution 50MP AI-powered camera system, perfect for social media and everyday photography. Gamers and power users will appreciate the buttery-smooth 120Hz OLED display, offering lightning-fast touch response, deep blacks, and immersive esports gaming performance. Enjoy reliable all-day battery life that keeps up with your busy schedule, supporting fast charging and efficient power management. Powered by a blazing-fast Octa-Core processor, 16GB of RAM, and blazing-fast 5G connectivity, multitasking is effortless. Plus, with IP68 water and dust resistance, your device is durable enough to survive accidental spills and drops.",Google Google Pixel 10 Pro | 128GB Storage | 16GB RAM | 160.0mm Display | 120Hz | 50MP Camera | 4870mAh | Android | 5G: True
Google,Google Pixel 10,679,12,128,4970,160.0,120,Octa-Core,48,5,Android,False,True,True,https://www.gsmarena.com/google_pixel_10_5g-13979.php,"Discover the ultimate smartphone experience with the Google Google Pixel 10. This premium mid-range smartphone balances incredible flagship features with excellent value. Capture stunning photos and 4K video with the high-resolution 48MP AI-powered camera system, perfect for social media and everyday photography. Gamers and power users will appreciate the buttery-smooth 120Hz OLED display, offering lightning-fast touch response, deep blacks, and immersive esports gaming performance. Enjoy reliable all-day battery life that keeps up with your busy schedule, supporting fast charging and efficient power management. Powered by a blazing-fast Octa-Core processor, 12GB of RAM, and blazing-fast 5G connectivity, multitasking is effortless. Plus, with IP68 water and dust resistance, your device is durable enough to survive accidental spills and drops.",Google Google Pixel 10 | 128GB Storage | 12GB RAM | 160.0mm Display | 120Hz | 48MP Camera | 4970mAh | Android | 5G: True
Google,Google Pixel 7 Pro,315,8,128,5000,170.2,120,Octa-Core,50,8,Android,False,True,True,https://www.gsmarena.com/google_pixel_7_pro-11908.php,"Discover the ultimate smartphone experience with the Google Google Pixel 7 Pro. An outstanding budget-friendly smartphone that delivers reliable performance without breaking the bank. Capture stunning photos and 4K video with the high-resolution 50MP AI-powered camera system, perfect for social media and everyday photography. Gamers and power users will appreciate the buttery-smooth 120Hz OLED display, offering lightning-fast touch response, deep blacks, and immersive esports gaming performance. Never worry about a dead phone again thanks to the massive all-day battery life, complete with ultra-fast charging to get you back to 100% in minutes. Powered by a blazing-fast Octa-Core processor, 8GB of RAM, and blazing-fast 5G connectivity, multitasking is effortless. Plus, with IP68 water and dust resistance, your device is durable enough to survive accidental spills and drops.",Google Google Pixel 7 Pro | 128GB Storage | 8GB RAM | 170.2mm Display | 120Hz | 50MP Camera | 5000mAh | Android | 5G: True
Google,Google Pixel 10 Pro XL,1299,16,256,5200,172.7,120,Octa-Core,50,42,Android,False,True,True,https://www.gsmarena.com/google_pixel_10_pro_xl_5g-13988.php,"Discover the ultimate smartphone experience with the Google Google Pixel 10 Pro XL. As a premium flagship device, it offers uncompromising performance, top-tier build quality, and cutting-edge technology. Capture stunning photos and 4K video with the high-resolution 50MP AI-powered camera system, perfect for social media and everyday photography. Gamers and power users will appreciate the buttery-smooth 120Hz OLED display, offering lightning-fast touch response, deep blacks, and immersive esports gaming performance. Never worry about a dead phone again thanks to the massive all-day battery life, complete with ultra-fast charging to get you back to 100% in minutes. Powered by a blazing-fast Octa-Core processor, 16GB of RAM, and blazing-fast 5G connectivity, multitasking is effortless. Plus, with IP68 water and dust resistance, your device is durable enough to survive accidental spills and drops.",Google Google Pixel 10 Pro XL | 256GB Storage | 16GB RAM | 172.7mm Display | 120Hz | 50MP Camera | 5200mAh | Android | 5G: True
Google,Google Pixel 9,552,12,128,4700,160.0,120,Octa-Core,50,5,Android,False,True,True,https://www.gsmarena.com/google_pixel_9-13219.php,"Discover the ultimate smartphone experience with the Google Google Pixel 9. An outstanding budget-friendly smartphone that delivers reliable performance without breaking the bank. Capture stunning photos and 4K video with the high-resolution 50MP AI-powered camera system, perfect for social media and everyday photography. Gamers and power users will appreciate the buttery-smooth 120Hz OLED display, offering lightning-fast touch response, deep blacks, and immersive esports gaming performance. Enjoy reliable all-day battery life that keeps up with your busy schedule, supporting fast charging and efficient power management. Powered by a blazing-fast Octa-Core processor, 12GB of RAM, and blazing-fast 5G connectivity, multitasking is effortless. Plus, with IP68 water and dust resistance, your device is durable enough to survive accidental spills and drops.",Google Google Pixel 9 | 128GB Storage | 12GB RAM | 160.0mm Display | 120Hz | 50MP Camera | 4700mAh | Android | 5G: True
Google,Google Pixel 7,255,8,128,4355,160.0,90,Octa-Core,50,8,Android,False,True,True,https://www.gsmarena.com/google_pixel_7-11903.php,"Discover the ultimate smartphone experience with the Google Google Pixel 7. An outstanding budget-friendly smartphone that delivers reliable performance without breaking the bank. Capture stunning photos and 4K video with the high-resolution 50MP AI-powered camera system, perfect for social media and everyday photography. The brilliant, color-accurate display provides a great viewing experience for streaming movies, browsing the web, and reading. Enjoy reliable all-day battery life that keeps up with your busy schedule, supporting fast charging and efficient power management. Powered by a blazing-fast Octa-Core processor, 8GB of RAM, and blazing-fast 5G connectivity, multitasking is effortless. Plus, with IP68 water and dust resistance, your device is durable enough to survive accidental spills and drops.",Google Google Pixel 7 | 128GB Storage | 8GB RAM | 160.0mm Display | 90Hz | 50MP Camera | 4355mAh | Android | 5G: True
Google,Google Pixel 9a,629,8,128,5100,160.0,120,Octa-Core,48,13,Android,False,True,True,https://www.gsmarena.com/google_pixel_9a-13478.php,"Discover the ultimate smartphone experience with the Google Google Pixel 9a. This premium mid-range smartphone balances incredible flagship features with excellent value. Capture stunning photos and 4K video with the high-resolution 48MP AI-powered camera system, perfect for social media and everyday photography. Gamers and power users will appreciate the buttery-smooth 120Hz OLED display, offering lightning-fast touch response, deep blacks, and immersive esports gaming performance. Never worry about a dead phone again thanks to the massive all-day battery life, complete with ultra-fast charging to get you back to 100% in minutes. Powered by a blazing-fast Octa-Core processor, 8GB of RAM, and blazing-fast 5G connectivity, multitasking is effortless. Plus, with IP68 water and dust resistance, your device is durable enough to survive accidental spills and drops.",Google Google Pixel 9a | 128GB Storage | 8GB RAM | 160.0mm Display | 120Hz | 48MP Camera | 5100mAh | Android | 5G: True
Google,Google Pixel 8,298,8,128,4575,157.5,120,Octa-Core,50,5,Android,False,True,True,https://www.gsmarena.com/google_pixel_8-12546.php,"Discover the ultimate smartphone experience with the Google Google Pixel 8. An outstanding budget-friendly smartphone that delivers reliable performance without breaking the bank. Capture stunning photos and 4K video with the high-resolution 50MP AI-powered camera system, perfect for social media and everyday photography. Gamers and power users will appreciate the buttery-smooth 120Hz OLED display, offering lightning-fast touch response, deep blacks, and immersive esports gaming performance. Enjoy reliable all-day battery life that keeps up with your busy schedule, supporting fast charging and efficient power management. Powered by a blazing-fast Octa-Core processor, 8GB of RAM, and blazing-fast 5G connectivity, multitasking is effortless. Plus, with IP68 water and dust resistance, your device is durable enough to survive accidental spills and drops.",Google Google Pixel 8 | 128GB Storage | 8GB RAM | 157.5mm Display | 120Hz | 50MP Camera | 4575mAh | Android | 5G: True
Google,Google Pixel 8 Pro,411,12,128,5050,170.2,120,Octa-Core,50,5,Android,False,True,True,https://www.gsmarena.com/google_pixel_8_pro-12545.php,"Discover the ultimate smartphone experience with the Google Google Pixel 8 Pro. An outstanding budget-friendly smartphone that delivers reliable performance without breaking the bank. Capture stunning photos and 4K video with the high-resolution 50MP AI-powered camera system, perfect for social media and everyday photography. Gamers and power users will appreciate the buttery-smooth 120Hz OLED display, offering lightning-fast touch response, deep blacks, and immersive esports gaming performance. Never worry about a dead phone again thanks to the massive all-day battery life, complete with ultra-fast charging to get you back to 100% in minutes. Powered by a blazing-fast Octa-Core processor, 12GB of RAM, and blazing-fast 5G connectivity, multitasking is effortless. Plus, with IP68 water and dust resistance, your device is durable enough to survive accidental spills and drops.",Google Google Pixel 8 Pro | 128GB Storage | 12GB RAM | 170.2mm Display | 120Hz | 50MP Camera | 5050mAh | Android | 5G: True
Google,Google Pixel 7a,299,8,128,4385,154.9,90,Octa-Core,64,13,Android,False,True,True,https://www.gsmarena.com/google_pixel_7a-12170.php,"Discover the ultimate smartphone experience with the Google Google Pixel 7a. An outstanding budget-friendly smartphone that delivers reliable performance without breaking the bank. Capture stunning photos and 4K video with the high-resolution 64MP AI-powered camera system, perfect for social media and everyday photography. The brilliant, color-accurate display provides a great viewing experience for streaming movies, browsing the web, and reading. Enjoy reliable all-day battery life that keeps up with your busy schedule, supporting fast charging and efficient power management. Powered by a blazing-fast Octa-Core processor, 8GB of RAM, and blazing-fast 5G connectivity, multitasking is effortless. Plus, with IP68 water and dust resistance, your device is durable enough to survive accidental spills and drops.",Google Google Pixel 7a | 128GB Storage | 8GB RAM | 154.9mm Display | 90Hz | 64MP Camera | 4385mAh | Android | 5G: True
Google,Google Pixel 9 Pro,699,16,128,4700,160.0,120,Octa-Core,50,42,Android,False,True,True,https://www.gsmarena.com/google_pixel_9_pro-13218.php,"Discover the ultimate smartphone experience with the Google Google Pixel 9 Pro. This premium mid-range smartphone balances incredible flagship features with excellent value. Capture stunning photos and 4K video with the high-resolution 50MP AI-powered camera system, perfect for social media and everyday photography. Gamers and power users will appreciate the buttery-smooth 120Hz OLED display, offering lightning-fast touch response, deep blacks, and immersive esports gaming performance. Enjoy reliable all-day battery life that keeps up with your busy schedule, supporting fast charging and efficient power management. Powered by a blazing-fast Octa-Core processor, 16GB of RAM, and blazing-fast 5G connectivity, multitasking is effortless. Plus, with IP68 water and dust resistance, your device is durable enough to survive accidental spills and drops.",Google Google Pixel 9 Pro | 128GB Storage | 16GB RAM | 160.0mm Display | 120Hz | 50MP Camera | 4700mAh | Android | 5G: True
Google,Google Pixel 6a,221,6,128,4410,154.9,60,Octa-Core,2,8,Android,False,True,True,https://www.gsmarena.com/google_pixel_6a-11229.php,"Discover the ultimate smartphone experience with the Google Google Pixel 6a. An outstanding budget-friendly smartphone that delivers reliable performance without breaking the bank. Equipped with a reliable camera system, it captures clear, vibrant images and smooth video for all your everyday moments. The brilliant, color-accurate display provides a great viewing experience for streaming movies, browsing the web, and reading. Enjoy reliable all-day battery life that keeps up with your busy schedule, supporting fast charging and efficient power management. Powered by a blazing-fast Octa-Core processor, 6GB of RAM, and blazing-fast 5G connectivity, multitasking is effortless. Plus, with IP68 water and dust resistance, your device is durable enough to survive accidental spills and drops.",Google Google Pixel 6a | 128GB Storage | 6GB RAM | 154.9mm Display | 60Hz | 2MP Camera | 4410mAh | Android | 5G: True
Google,Google Pixel 6 Pro,310,12,128,5003,170.2,120,Octa-Core,50,1,Android,False,True,True,https://www.gsmarena.com/google_pixel_6_pro-10918.php,"Discover the ultimate smartphone experience with the Google Google Pixel 6 Pro. An outstanding budget-friendly smartphone that delivers reliable performance without breaking the bank. Capture stunning photos and 4K video with the high-resolution 50MP AI-powered camera system, perfect for social media and everyday photography. Gamers and power users will appreciate the buttery-smooth 120Hz OLED display, offering lightning-fast touch response, deep blacks, and immersive esports gaming performance. Never worry about a dead phone again thanks to the massive all-day battery life, complete with ultra-fast charging to get you back to 100% in minutes. Powered by a blazing-fast Octa-Core processor, 12GB of RAM, and blazing-fast 5G connectivity, multitasking is effortless. Plus, with IP68 water and dust resistance, your device is durable enough to survive accidental spills and drops.",Google Google Pixel 6 Pro | 128GB Storage | 12GB RAM | 170.2mm Display | 120Hz | 50MP Camera | 5003mAh | Android | 5G: True
Google,Google Pixel 9 Pro XL,726,16,128,5060,172.7,120,Octa-Core,50,42,Android,False,True,True,https://www.gsmarena.com/google_pixel_9_pro_xl-13217.php,"Discover the ultimate smartphone experience with the Google Google Pixel 9 Pro XL. This premium mid-range smartphone balances incredible flagship features with excellent value. Capture stunning photos and 4K video with the high-resolution 50MP AI-powered camera system, perfect for social media and everyday photography. Gamers and power users will appreciate the buttery-smooth 120Hz OLED display, offering lightning-fast touch response, deep blacks, and immersive esports gaming performance. Never worry about a dead phone again thanks to the massive all-day battery life, complete with ultra-fast charging to get you back to 100% in minutes. Powered by a blazing-fast Octa-Core processor, 16GB of RAM, and blazing-fast 5G connectivity, multitasking is effortless. Plus, with IP68 water and dust resistance, your device is durable enough to survive accidental spills and drops.",Google Google Pixel 9 Pro XL | 128GB Storage | 16GB RAM | 172.7mm Display | 120Hz | 50MP Camera | 5060mAh | Android | 5G: True
Apple,Apple iPhone 17e,599,8,256,4005,154.9,60,Hexa-Core,48,12,iOS,False,True,True,https://www.gsmarena.com/apple_iphone_17e-14487.php,"Discover the ultimate smartphone experience with the Apple Apple iPhone 17e. An outstanding budget-friendly smartphone that delivers reliable performance without breaking the bank. Capture stunning photos and 4K video with the high-resolution 48MP AI-powered camera system, perfect for social media and everyday photography. The brilliant, color-accurate display provides a great viewing experience for streaming movies, browsing the web, and reading. Enjoy reliable all-day battery life that keeps up with your busy schedule, supporting fast charging and efficient power management. Powered by a blazing-fast Hexa-Core processor, 8GB of RAM, and blazing-fast 5G connectivity, multitasking is effortless. Plus, with IP68 water and dust resistance, your device is durable enough to survive accidental spills and drops.",Apple Apple iPhone 17e | 256GB Storage | 8GB RAM | 154.9mm Display | 60Hz | 48MP Camera | 4005mAh | iOS | 5G: True
Apple,Apple iPhone 17 Pro Max,1829,12,256,4823,175.3,120,Hexa-Core,48,12,iOS,False,True,True,https://www.gsmarena.com/apple_iphone_17_pro_max-13964.php,"Discover the ultimate smartphone experience with the Apple Apple iPhone 17 Pro Max. As a premium flagship device, it offers uncompromising performance, top-tier build quality, and cutting-edge technology. Capture stunning photos and 4K video with the high-resolution 48MP AI-powered camera system, perfect for social media and everyday photography. Gamers and power users will appreciate the buttery-smooth 120Hz OLED display, offering lightning-fast touch response, deep blacks, and immersive esports gaming performance. Enjoy reliable all-day battery life that keeps up with your busy schedule, supporting fast charging and efficient power management. Powered by a blazing-fast Hexa-Core processor, 12GB of RAM, and blazing-fast 5G connectivity, multitasking is effortless. Plus, with IP68 water and dust resistance, your device is durable enough to survive accidental spills and drops.",Apple Apple iPhone 17 Pro Max | 256GB Storage | 12GB RAM | 175.3mm Display | 120Hz | 48MP Camera | 4823mAh | iOS | 5G: True
Apple,Apple iPhone 17 Pro,1659,12,256,3998,160.0,120,Hexa-Core,48,12,iOS,False,True,True,https://www.gsmarena.com/apple_iphone_17_pro-14049.php,"Discover the ultimate smartphone experience with the Apple Apple iPhone 17 Pro. As a premium flagship device, it offers uncompromising performance, top-tier build quality, and cutting-edge technology. Capture stunning photos and 4K video with the high-resolution 48MP AI-powered camera system, perfect for social media and everyday photography. Gamers and power users will appreciate the buttery-smooth 120Hz OLED display, offering lightning-fast touch response, deep blacks, and immersive esports gaming performance. Powered by a blazing-fast Hexa-Core processor, 12GB of RAM, and blazing-fast 5G connectivity, multitasking is effortless. Plus, with IP68 water and dust resistance, your device is durable enough to survive accidental spills and drops.",Apple Apple iPhone 17 Pro | 256GB Storage | 12GB RAM | 160.0mm Display | 120Hz | 48MP Camera | 3998mAh | iOS | 5G: True
Apple,Apple iPhone 17,1269,8,256,3692,160.0,60,Hexa-Core,48,12,iOS,False,True,True,https://www.gsmarena.com/apple_iphone_17-14050.php,"Discover the ultimate smartphone apple experience with the Apple Apple iPhone 17. As a premium flagship device, it offers uncompromising performance, top-tier build quality, and cutting-edge technology. Capture stunning photos and 4K video with the high-resolution 48MP AI-powered camera system, perfect for social media and everyday photography. The brilliant, color-accurate display provides a great viewing experience for streaming movies, browsing the web, and reading. Powered by a blazing-fast Hexa-Core processor, 8GB of RAM, and blazing-fast 5G connectivity, multitasking is effortless. Plus, with IP68 water and dust resistance, your device is durable enough to survive accidental spills and drops.",Apple Apple iPhone 17 | 256GB Storage | 8GB RAM | 160.0mm Display | 60Hz | 48MP Camera | 3692mAh | iOS | 5G: True
Apple,Apple iPhone 16e,652,8,128,4005,154.9,60,Hexa-Core,48,12,iOS,False,True,True,https://www.gsmarena.com/apple_iphone_16e-13395.php,"Discover the ultimate smartphone experience with the Apple Apple iPhone 16e. This premium mid-range smartphone balances incredible flagship features with excellent value. Capture stunning photos and 4K video with the high-resolution 48MP AI-powered camera system, perfect for social media and everyday photography. The brilliant, color-accurate display provides a great viewing experience for streaming movies, browsing the web, and reading. Enjoy reliable all-day battery life that keeps up with your busy schedule, supporting fast charging and efficient power management. Powered by a blazing-fast Hexa-Core processor, 8GB of RAM, and blazing-fast 5G connectivity, multitasking is effortless. Plus, with IP68 water and dust resistance, your device is durable enough to survive accidental spills and drops.",Apple Apple Apple Apple Apple iPhone 16e | 128GB Storage | 8GB RAM | 154.9mm Display | 60Hz | 48MP Camera | 4005mAh | iOS | 5G: True
Apple,Apple iPhone 16 Pro Max,1229,8,256,4685,175.3,120,Hexa-Core,48,12,iOS,False,True,True,https://www.gsmarena.com/apple_iphone_16_pro_max-13123.php,"Discover the ultimate smartphone experience with the Apple Apple iPhone 16 Pro Max. As a premium flagship device, it offers uncompromising performance, top-tier build quality, and cutting-edge technology. Capture stunning photos and 4K video with the high-resolution 48MP AI-powered camera system, perfect for social media and everyday photography. Gamers and power users will appreciate the buttery-smooth 120Hz OLED display, offering lightning-fast touch response, deep blacks, and immersive esports gaming performance. Enjoy reliable all-day battery life that keeps up with your busy schedule, supporting fast charging and efficient power management. Powered by a blazing-fast Hexa-Core processor, 8GB of RAM, and blazing-fast 5G connectivity, multitasking is effortless. Plus, with IP68 water and dust resistance, your device is durable enough to survive accidental spills and drops.",Apple Apple iPhone 16 Pro Max | 256GB Storage | 8GB RAM | 175.3mm Display | 120Hz | 48MP Camera | 4685mAh | iOS | 5G: True
Apple,Apple iPhone 16 Pro,970,8,128,3582,160.0,120,Hexa-Core,48,12,iOS,False,True,True,https://www.gsmarena.com/apple_iphone_16_pro-13315.php,"Discover the ultimate smartphone experience with the Apple Apple iPhone 16 Pro. This premium mid-range smartphone balances incredible flagship features with excellent value. Capture stunning photos and 4K video with the high-resolution 48MP AI-powered camera system, perfect for social media and everyday photography. Gamers and power users will appreciate the buttery-smooth 120Hz OLED display, offering lightning-fast touch response, deep blacks, and immersive esports gaming performance. Powered by a blazing-fast Hexa-Core processor, 8GB of RAM, and blazing-fast 5G connectivity, multitasking is effortless. Plus, with IP68 water and dust resistance, your device is durable enough to survive accidental spills and drops.",Apple Apple iPhone 16 Pro | 128GB Storage | 8GB RAM | 160.0mm Display | 120Hz | 48MP Camera | 3582mAh | iOS | 5G: True
Apple,Apple iPhone 16 Plus,855,8,128,4674,170.2,60,Hexa-Core,48,12,iOS,False,True,True,https://www.gsmarena.com/apple_iphone_16_plus-13316.php,"Discover the ultimate smartphone experience with the Apple Apple iPhone 16 Plus. This premium mid-range smartphone balances incredible flagship features with excellent value. Capture stunning photos and 4K video with the high-resolution 48MP AI-powered camera system, perfect for social media and everyday photography. The brilliant, color-accurate display provides a great viewing experience for streaming movies, browsing the web, and reading. Enjoy reliable all-day battery life that keeps up with your busy schedule, supporting fast charging and efficient power management. Powered by a blazing-fast Hexa-Core processor, 8GB of RAM, and blazing-fast 5G connectivity, multitasking is effortless. Plus, with IP68 water and dust resistance, your device is durable enough to survive accidental spills and drops.",Apple Apple iPhone 16 Plus | 128GB Storage | 8GB RAM | 170.2mm Display | 60Hz | 48MP Camera | 4674mAh | iOS | 5G: True
Apple,Apple iPhone 16,859,8,128,3561,154.9,60,Hexa-Core,48,12,iOS,False,True,True,https://www.gsmarena.com/apple_iphone_16-13317.php,"Discover the ultimate smartphone experience with the Apple Apple iPhone 16. This premium mid-range smartphone balances incredible flagship features with excellent value. Capture stunning photos and 4K video with the high-resolution 48MP AI-powered camera system, perfect for social media and everyday photography. The brilliant, color-accurate display provides a great viewing experience for streaming movies, browsing the web, and reading. Powered by a blazing-fast Hexa-Core processor, 8GB of RAM, and blazing-fast 5G connectivity, multitasking is effortless. Plus, with IP68 water and dust resistance, your device is durable enough to survive accidental spills and drops.",Apple Apple iPhone 16 | 128GB Storage | 8GB RAM | 154.9mm Display | 60Hz | 48MP Camera | 3561mAh | iOS | 5G: True
Apple,Apple iPhone 15 Pro Max,815,8,256,4441,170.2,120,Hexa-Core,48,12,iOS,False,True,True,https://www.gsmarena.com/apple_iphone_15_pro_max-12548.php,"Discover the ultimate smartphone experience with the Apple Apple iPhone 15 Pro Max. This premium mid-range smartphone balances incredible flagship features with excellent value. Capture stunning photos and 4K video with the high-resolution 48MP AI-powered camera system, perfect for social media and everyday photography. Gamers and power users will appreciate the buttery-smooth 120Hz OLED display, offering lightning-fast touch response, deep blacks, and immersive esports gaming performance. Enjoy reliable all-day battery life that keeps up with your busy schedule, supporting fast charging and efficient power management. Powered by a blazing-fast Hexa-Core processor, 8GB of RAM, and blazing-fast 5G connectivity, multitasking is effortless. Plus, with IP68 water and dust resistance, your device is durable enough to survive accidental spills and drops.",Apple Apple iPhone 15 Pro Max | 256GB Storage | 8GB RAM | 170.2mm Display | 120Hz | 48MP Camera | 4441mAh | iOS | 5G: True
Apple,Apple iPhone 15 Pro,720,8,128,3274,154.9,120,Hexa-Core,48,12,iOS,False,True,True,https://www.gsmarena.com/apple_iphone_15_pro-12557.php,"Discover the ultimate smartphone experience with the Apple Apple iPhone 15 Pro. This premium mid-range smartphone balances incredible flagship features with excellent value. Apple apple apple apple apple Capture stunning photos and 4K video with the high-resolution 48MP AI-powered camera system, perfect for social media and everyday photography. Gamers and power users will appreciate the buttery-smooth 120Hz OLED display, offering lightning-fast touch response, deep blacks, and immersive esports gaming performance. Powered by a blazing-fast Hexa-Core processor, 8GB of RAM, and blazing-fast 5G connectivity, multitasking is effortless. Plus, with IP68 water and dust resistance, your device is durable enough to survive accidental spills and drops.",Apple Apple iPhone 15 Pro | 128GB Storage | 8GB RAM | 154.9mm Display | 120Hz | 48MP Camera | 3274mAh | iOS | 5G: True
Apple,Apple iPhone 15 Plus,568,6,128,4383,170.2,60,Hexa-Core,48,12,iOS,False,True,True,https://www.gsmarena.com/apple_iphone_15_plus-12558.php,"Discover the ultimate smartphone experience with the Apple Apple iPhone 15 Plus. An outstanding budget-friendly smartphone that delivers reliable performance without breaking the bank. Capture stunning photos and 4K video with the high-resolution 48MP AI-powered camera system, perfect for social media and everyday photography. The brilliant, color-accurate display provides a great viewing experience for streaming movies, browsing the web, and reading. Enjoy reliable all-day battery life that keeps up with your busy schedule, supporting fast charging and efficient power management. Powered by a blazing-fast Hexa-Core processor, 6GB of RAM, and blazing-fast 5G connectivity, multitasking is effortless. Plus, with IP68 water and dust resistance, your device is durable enough to survive accidental spills and drops.",Apple Apple iPhone 15 Plus | 128GB Storage | 6GB RAM | 170.2mm Display | 60Hz | 48MP Camera | 4383mAh | iOS | 5G: True
Apple,Apple iPhone 15,550,6,128,3349,154.9,60,Hexa-Core,48,12,iOS,False,True,True,https://www.gsmarena.com/apple_iphone_15-12559.php,"Discover the ultimate smartphone experience with the Apple Apple iPhone 15. An outstanding budget-friendly smartphone that delivers reliable performance without breaking the bank. Capture stunning photos and 4K video with the high-resolution 48MP AI-powered camera system, perfect for social media and everyday photography. The brilliant, color-accurate display provides a great viewing experience for streaming movies, browsing the web, and reading. Powered by a blazing-fast Hexa-Core processor, 6GB of RAM, and blazing-fast 5G connectivity, multitasking is effortless. Plus, with IP68 water and dust resistance, your device is durable enough to survive accidental spills and drops.",Apple Apple iPhone 15 | 128GB Storage | 6GB RAM | 154.9mm Display | 60Hz | 48MP Camera | 3349mAh | iOS | 5G: True
Apple,Apple iPhone 14 Pro Max,540,6,128,4323,170.2,120,Hexa-Core,48,12,iOS,False,True,True,https://www.gsmarena.com/apple_iphone_14_pro_max-11773.php,"Discover the ultimate smartphone experience with the Apple Apple iPhone 14 Pro Max. An outstanding budget-friendly smartphone that delivers reliable performance without breaking the bank. Capture stunning photos and 4K video with the high-resolution 48MP AI-powered camera system, perfect for social media and everyday photography. Gamers and power users will appreciate the buttery-smooth 120Hz OLED display, offering lightning-fast touch response, deep blacks, and immersive esports gaming performance. Enjoy reliable all-day battery life that keeps up with your busy schedule, supporting fast charging and efficient power management. Powered by a blazing-fast Hexa-Core processor, 6GB of RAM, and blazing-fast 5G connectivity, multitasking is effortless. Plus, with IP68 water and dust resistance, your device is durable enough to survive accidental spills and drops.",Apple Apple iPhone 14 Pro Max | 128GB Storage | 6GB RAM | 170.2mm Display | 120Hz | 48MP Camera | 4323mAh | iOS | 5G: True
Apple,Apple iPhone 14 Pro,529,6,128,3200,154.9,120,Hexa-Core,48,12,iOS,False,True,True,https://www.gsmarena.com/apple_iphone_14_pro-11860.php,"Discover the ultimate smartphone experience with the Apple Apple iPhone 14 Pro. An outstanding budget-friendly smartphone that delivers reliable performance without breaking the bank. Capture stunning photos and 4K video with the high-resolution 48MP AI-powered camera system, perfect for social media and everyday photography. Gamers and power users will appreciate the buttery-smooth 120Hz OLED display, offering lightning-fast touch response, deep blacks, and immersive esports gaming performance. Powered by a blazing-fast Hexa-Core processor, 6GB of RAM, and blazing-fast 5G connectivity, multitasking is effortless. Plus, with IP68 water and dust resistance, your device is durable enough to survive accidental spills and drops.",Apple Apple iPhone 14 Pro | 128GB Storage | 6GB RAM | 154.9mm Display | 120Hz | 48MP Camera | 3200mAh | iOS | 5G: True
Apple,Apple iPhone 14 Plus,436,6,128,4323,170.2,60,Hexa-Core,12,12,iOS,False,True,True,https://www.gsmarena.com/apple_iphone_14_plus-11862.php,"Discover the ultimate smartphone experience with the Apple Apple iPhone 14 Plus. An outstanding budget-friendly smartphone that delivers reliable performance without breaking the bank. Equipped with a reliable camera system, it captures clear, vibrant images and smooth video for all your everyday moments. The brilliant, color-accurate display provides a great viewing experience for streaming movies, browsing the web, and reading. Enjoy reliable all-day battery life that keeps up with your busy schedule, supporting fast charging and efficient power management. Powered by a blazing-fast Hexa-Core processor, 6GB of RAM, and blazing-fast 5G connectivity, multitasking is effortless. Plus, with IP68 water and dust resistance, your device is durable enough to survive accidental spills and drops.",Apple Apple iPhone 14 Plus | 128GB Storage | 6GB RAM | 170.2mm Display | 60Hz | 12MP Camera | 4323mAh | iOS | 5G: True
Apple,Apple iPhone 14,393,6,128,3279,154.9,60,Hexa-Core,12,12,iOS,False,True,True,https://www.gsmarena.com/apple_iphone_14-11861.php,"Discover the ultimate smartphone experience with the Apple Apple iPhone 14. An outstanding budget-friendly smartphone that delivers reliable performance without breaking the bank. Equipped with a reliable camera system, it captures clear, vibrant images and smooth video for all your everyday moments. The brilliant, color-accurate display provides a great viewing experience for streaming movies, browsing the web, and reading. Powered by a blazing-fast Hexa-Core processor, 6GB of RAM, and blazing-fast 5G connectivity, multitasking is effortless. Plus, with IP68 water and dust resistance, your device is durable enough to survive accidental spills and drops.",Apple Apple iPhone 14 | 128GB Storage | 6GB RAM | 154.9mm Display | 60Hz | 12MP Camera | 3279mAh | iOS | 5G: True
Apple,Apple iPhone 13 Pro Max,549,6,128,4352,170.2,120,Hexa-Core,12,12,iOS,False,True,True,https://www.gsmarena.com/apple_iphone_13_pro_max-11089.php,"Discover the ultimate smartphone experience with the Apple Apple iPhone 13 Pro Max. An outstanding budget-friendly smartphone that delivers reliable performance without breaking the bank. Equipped with a reliable camera system, it captures clear, vibrant images and smooth video for all your everyday moments. Gamers and power users will appreciate the buttery-smooth 120Hz OLED display, offering lightning-fast touch response, deep blacks, and immersive esports gaming performance. Enjoy reliable all-day battery life that keeps up with your busy schedule, supporting fast charging and efficient power management. Powered by a blazing-fast Hexa-Core processor, 6GB of RAM, and blazing-fast 5G connectivity, multitasking is effortless. Plus, with IP68 water and dust resistance, your device is durable enough to survive accidental spills and drops.",Apple Apple iPhone 13 Pro Max | 128GB Storage | 6GB RAM | 170.2mm Display | 120Hz | 12MP Camera | 4352mAh | iOS | 5G: True
Apple,Apple iPhone 13 Pro,483,6,128,3095,154.9,120,Hexa-Core,12,12,iOS,False,True,True,https://www.gsmarena.com/apple_iphone_13_pro-11102.php,"Discover the ultimate smartphone experience with the Apple Apple iPhone 13 Pro. An outstanding budget-friendly smartphone that delivers reliable performance without breaking the bank. Equipped with a reliable camera system, it captures clear, vibrant images and smooth video for all your everyday moments. Gamers and power users will appreciate the buttery-smooth 120Hz OLED display, offering lightning-fast touch response, deep blacks, and immersive esports gaming performance. Powered by a blazing-fast Hexa-Core processor, 6GB of RAM, and blazing-fast 5G connectivity, multitasking is effortless. Plus, with IP68 water and dust resistance, your device is durable enough to survive accidental spills and drops.",Apple Apple iPhone 13 Pro | 128GB Storage | 6GB RAM | 154.9mm Display | 120Hz | 12MP Camera | 3095mAh | iOS | 5G: True
OnePlus,OnePlus 15,899,12,256,7300,172.2,120,Octa-Core,50,16,Android,False,True,True,https://www.oneplus.com/ca_en/oneplus-15?sku=5011116282&_gl=1*1irj0ku*_up*MQ..*_ga*NjA2MjM1OTYyLjE3NzQ1ODEzMjE.*_ga_KS49PHWZ8S*czE3NzQ1ODEzMjEkbzEkZzEkdDE3NzQ1ODEzMjUkajU2JGwwJGgw,"Discover the ultimate smartphone experience with the OnePlus OnePlus 15. This premium mid-range smartphone balances incredible flagship features with excellent value. Capture stunning photos and 4K video with the high-resolution 50MP AI-powered camera system, perfect for social media and everyday photography. Gamers and power users will appreciate the buttery-smooth 120Hz OLED display, offering lightning-fast touch response, deep blacks, and immersive esports gaming performance. Never worry about a dead phone again thanks to the massive all-day battery life, complete with ultra-fast charging to get you back to 100% in minutes. Powered by a blazing-fast Octa-Core processor, 12GB of RAM, and blazing-fast 5G connectivity, multitasking is effortless. Plus, with IP68 water and dust resistance, your device is durable enough to survive accidental spills and drops.",OnePlus OnePlus 15 | 256GB Storage | 12GB RAM | 172.2mm Display | 120Hz | 50MP Camera | 7300mAh | Android | 5G: True
OnePlus,OnePlus 15R,659,12,256,7400,173.5,165,Octa-Core,50,16,Android,False,True,True,https://www.oneplus.com/ca_en/oneplus-15r?sku=5011118530&_gl=1*n9r94w*_up*MQ..*_ga*NjA2MjM1OTYyLjE3NzQ1ODEzMjE.*_ga_KS49PHWZ8S*czE3NzQ1ODEzMjEkbzEkZzEkdDE3NzQ1ODEzMjUkajU2JGwwJGgw,"Discover the ultimate smartphone experience with the OnePlus OnePlus 15R. This premium mid-range smartphone balances incredible flagship features with excellent value. Capture stunning photos and 4K video with the high-resolution 50MP AI-powered camera system, perfect for social media and everyday photography. Gamers and power users will appreciate the buttery-smooth 120Hz OLED display, offering lightning-fast touch response, deep blacks, and immersive esports gaming performance. Never worry about a dead phone again thanks to the massive all-day battery life, complete with ultra-fast charging to get you back to 100% in minutes. Powered by a blazing-fast Octa-Core processor, 12GB of RAM, and blazing-fast 5G connectivity, multitasking is effortless. Plus, with IP68 water and dust resistance, your device is durable enough to survive accidental spills and drops.",OnePlus OnePlus 15R | 256GB Storage | 12GB RAM | 173.5mm Display | 165Hz | 50MP Camera | 7400mAh | Android | 5G: True
OnePlus,OnePlus 13,619,12,256,6000,173.2,120,Octa-Core,50,16,Android,False,True,True,https://www.oneplus.com/ca_en/oneplus-13?sku=5011111156&_gl=1*145byg*_up*MQ..*_ga*NjA2MjM1OTYyLjE3NzQ1ODEzMjE.*_ga_KS49PHWZ8S*czE3NzQ1ODEzMjEkbzEkZzEkdDE3NzQ1ODEzMjUkajU2JGwwJGgw,"Discover the ultimate smartphone experience with the OnePlus OnePlus 13. This premium mid-range smartphone balances incredible flagship features with excellent value. Capture stunning photos and 4K video with the high-resolution 50MP AI-powered camera system, perfect for social media and everyday photography. Gamers and power users will appreciate the buttery-smooth 120Hz OLED display, offering lightning-fast touch response, deep blacks, and immersive esports gaming performance. Never worry about a dead phone again thanks to the massive all-day battery life, complete with ultra-fast charging to get you back to 100% in minutes. Powered by a blazing-fast Octa-Core processor, 12GB of RAM, and blazing-fast 5G connectivity, multitasking is effortless. Plus, with IP68 water and dust resistance, your device is durable enough to survive accidental spills and drops.",OnePlus OnePlus 13 | 256GB Storage | 12GB RAM | 173.2mm Display | 120Hz | 50MP Camera | 6000mAh | Android | 5G: True
Xiaomi,Xiaomi 17 Ultra,2049,16,1024,6000,175.3,120,Octa-Core,50,50,Android,False,False,True,https://www.mi.com/global/product/xiaomi-17-ultra/specs/,"Discover the ultimate smartphone experience with the Xiaomi Xiaomi 17 Ultra. As a premium flagship device, it offers uncompromising performance, top-tier build quality, and cutting-edge technology. Capture stunning photos and 4K video with the high-resolution 50MP AI-powered camera system, perfect for social media and everyday photography. Gamers and power users will appreciate the buttery-smooth 120Hz OLED display, offering lightning-fast touch response, deep blacks, and immersive esports gaming performance. Never worry about a dead phone again thanks to the massive all-day battery life, complete with ultra-fast charging to get you back to 100% in minutes. Powered by a blazing-fast Octa-Core processor, 16GB of RAM, and blazing-fast 5G connectivity, multitasking is effortless. Plus, with IP68 water and dust resistance, your device is durable enough to survive accidental spills and drops.",Xiaomi Xiaomi 17 Ultra | 1024GB Storage | 16GB RAM | 175.3mm Display | 120Hz | 50MP Camera | 6000mAh | Android | 5G: False
Xiaomi,Xiaomi 17,1317,12,512,6330,160.0,120,Octa-Core,50,50,Android,False,False,True,https://www.mi.com/global/product/xiaomi-17/specs/,"Discover the ultimate smartphone experience with the Xiaomi Xiaomi 17. As a premium flagship device, it offers uncompromising performance, top-tier build quality, and cutting-edge technology. Capture stunning photos and 4K video with the high-resolution 50MP AI-powered camera system, perfect for social media and everyday photography. Gamers and power users will appreciate the buttery-smooth 120Hz OLED display, offering lightning-fast touch response, deep blacks, and immersive esports gaming performance. Never worry about a dead phone again thanks to the massive all-day battery life, complete with ultra-fast charging to get you back to 100% in minutes. Powered by a blazing-fast Octa-Core processor, 12GB of RAM, and blazing-fast 5G connectivity, multitasking is effortless. Plus, with IP68 water and dust resistance, your device is durable enough to survive accidental spills and drops.",Xiaomi Xiaomi 17 | 512GB Storage | 12GB RAM | 160.0mm Display | 120Hz | 50MP Camera | 6330mAh | Android | 5G: False
Redmi,Redmi Note 15 Pro+ 5G,556,8,512,6500,173.5,120,Octa-Core,200,32,Android,True,True,False,https://www.mi.com/global/product/redmi-note-15-pro-plus-5g/specs/,"Discover the ultimate smartphone experience with the Redmi Redmi Note 15 Pro+ 5G. An outstanding budget-friendly smartphone that delivers reliable performance without breaking the bank. Photography enthusiasts will love the massive 200MP main camera sensor, featuring advanced optical zoom, night mode, telephoto lens capabilities, and 8K video recording. Gamers and power users will appreciate the buttery-smooth 120Hz OLED display, offering lightning-fast touch response, deep blacks, and immersive esports gaming performance. Never worry about a dead phone again thanks to the massive all-day battery life, complete with ultra-fast charging to get you back to 100% in minutes. Powered by a blazing-fast Octa-Core processor, 8GB of RAM, and blazing-fast 5G connectivity, multitasking is effortless.",Redmi Redmi Note 15 Pro+ 5G | 512GB Storage | 8GB RAM | 173.5mm Display | 120Hz | 200MP Camera | 6500mAh | Android | 5G: True
Redmi,Redmi Note 15 Pro 5G,439,8,512,6580,173.5,120,Octa-Core,200,20,Android,True,True,True,https://www.mi.com/global/product/redmi-note-15-pro-5g/specs/,"Discover the ultimate smartphone experience with the Redmi Redmi Note 15 Pro 5G. An outstanding budget-friendly smartphone that delivers reliable performance without breaking the bank. Photography enthusiasts will love the massive 200MP main camera sensor, featuring advanced optical zoom, night mode, telephoto lens capabilities, and 8K video recording. Gamers and power users will appreciate the buttery-smooth 120Hz OLED display, offering lightning-fast touch response, deep blacks, and immersive esports gaming performance. Never worry about a dead phone again thanks to the massive all-day battery life, complete with ultra-fast charging to get you back to 100% in minutes. Powered by a blazing-fast Octa-Core processor, 8GB of RAM, and blazing-fast 5G connectivity, multitasking is effortless. Plus, with IP68 water and dust resistance, your device is durable enough to survive accidental spills and drops.",Redmi Redmi Note 15 Pro 5G | 512GB Storage | 8GB RAM | 173.5mm Display | 120Hz | 200MP Camera | 6580mAh | Android | 5G: True
Redmi,Redmi Note 15 5G,241,6,512,5520,172.0,120,Octa-Core,108,20,Android,False,True,False,https://www.mi.com/global/product/redmi-note-15-5g/specs/,"Discover the ultimate smartphone experience with the Redmi Redmi Note 15 5G. An outstanding budget-friendly smartphone that delivers reliable performance without breaking the bank. Photography enthusiasts will love the massive 108MP main camera sensor, featuring advanced optical zoom, night mode, telephoto lens capabilities, and 8K video recording. Gamers and power users will appreciate the buttery-smooth 120Hz OLED display, offering lightning-fast touch response, deep blacks, and immersive esports gaming performance. Never worry about a dead phone again thanks to the massive all-day battery life, complete with ultra-fast charging to get you back to 100% in minutes. Powered by a blazing-fast Octa-Core processor, 6GB of RAM, and blazing-fast 5G connectivity, multitasking is effortless.",Redmi Redmi Note 15 5G | 512GB Storage | 6GB RAM | 172.0mm Display | 120Hz | 108MP Camera | 5520mAh | Android | 5G: True
Redmi,Redmi 15A 5G,190,4,128,6300,174.1,120,Octa-Core,50,10,Android,True,True,False,https://www.mi.com/in/product/redmi-15a-5g/specs,"Discover the ultimate smartphone experience with the Redmi Redmi 15A 5G. An outstanding budget-friendly smartphone that delivers reliable performance without breaking the bank. Capture stunning photos and 4K video with the high-resolution 50MP AI-powered camera system, perfect for social media and everyday photography. Gamers and power users will appreciate the buttery-smooth 120Hz OLED display, offering lightning-fast touch response, deep blacks, and immersive esports gaming performance. Never worry about a dead phone again thanks to the massive all-day battery life, complete with ultra-fast charging to get you back to 100% in minutes. Powered by a blazing-fast Octa-Core processor, 4GB of RAM, and blazing-fast 5G connectivity, multitasking is effortless.",Redmi Redmi 15A 5G | 128GB Storage | 4GB RAM | 174.1mm Display | 120Hz | 50MP Camera | 6300mAh | Android | 5G: True